STATE/UT,DISTRICT,Murder,Assault on women,Kidnapping and Abduction,Dacoity,Robbery,Arson,Hurt,Prevention of atrocities (POA) Act,Protection of Civil Rights (PCR) Act,Other Crimes Against SCs
West Bengal,24 PARGANAS NORTH,0,0,0,0,0,0,0,0,0,4
West Bengal,24 PARGANAS SOUTH,0,0,0,0,0,0,0,1,0,0
Andhra Pradesh,ADILABAD,2,3,0,0,0,0,8,15,0,42
Madhya Pradesh,AGAR,3,4,1,0,0,2,34,0,0,2
Uttar Pradesh,AGRA,5,8,9,0,0,0,12,0,0,87
Gujarat,AHMEDABAD COMMR.,3,11,14,2,2,0,11,23,0,22
Gujarat,AHMEDABAD RURAL,1,2,1,1,0,0,29,43,0,30
Maharashtra,AHMEDNAGAR,5,8,2,0,0,2,7,0,0,61
Gujarat,AHWA-DANG,0,0,0,0,0,0,0,0,0,0
Mizoram,AIZAWL,0,0,0,0,0,0,0,0,0,0
Rajasthan,AJMER,2,3,2,0,0,1,9,8,0,243
Maharashtra,AKOLA,0,3,1,1,0,0,2,7,0,18
Kerala,ALAPUZHA,0,0,0,0,0,0,14,14,0,6
Uttar Pradesh,ALIGARH,5,14,4,0,0,0,6,0,0,119
Madhya Pradesh,ALIRAJPUR,0,0,0,0,0,0,0,0,0,1
Uttar Pradesh,ALLAHABAD,9,15,6,0,0,1,18,0,0,185
Uttarakhand,ALMORA,0,0,0,0,0,0,0,2,0,0
Rajasthan,ALWAR,8,38,0,0,0,4,2,7,0,549
Haryana,AMBALA RURAL,0,0,0,0,0,0,0,0,0,5
Haryana,AMBALA URBAN,1,10,1,0,0,0,0,1,0,8
Uttar Pradesh,AMBEDKAR NAGAR,0,1,0,0,0,0,0,39,0,0
Uttar Pradesh,AMETHI,1,10,0,0,0,1,2,127,0,2
Maharashtra,AMRAVATI COMMR.,0,1,0,0,0,0,0,5,0,4
Maharashtra,AMRAVATI RURAL,0,5,0,0,0,0,2,12,2,18
Gujarat,AMRELI,1,1,0,0,0,0,3,2,0,19
Punjab,AMRITSAR RURAL,0,4,2,0,0,0,5,1,0,9
Uttar Pradesh,AMROHA,1,2,5,0,0,0,0,0,0,42
Gujarat,ANAND,1,1,2,0,0,3,3,21,0,18
Andhra Pradesh,ANANTAPUR,2,4,0,0,0,0,37,18,0,56
Jammu & Kashmir,ANANTNAG,0,0,0,0,0,0,0,0,0,0
Odisha,ANGUL,1,0,0,0,0,0,42,59,0,0
Arunachal Pradesh,ANJAW,0,0,0,0,0,0,0,0,0,0
Madhya Pradesh,ANUPPUR,0,8,1,0,0,0,1,0,0,9
Bihar,ARARIA,0,0,0,0,0,2,1,70,0,0
Tamil Nadu,ARIYALUR,0,0,0,0,0,0,0,19,0,6
Bihar,ARWAL,1,0,0,0,0,0,0,29,0,29
West Bengal,ASANSOL,0,0,1,0,0,0,0,5,0,3
Madhya Pradesh,ASHOK NAGAR,0,7,0,0,1,1,26,0,0,22
Uttar Pradesh,AURAIYA,1,6,3,0,0,0,0,0,0,65
Bihar,AURANGABAD,2,3,0,0,0,5,2,173,0,0
Maharashtra,AURANGABAD COMMR.,0,3,1,1,0,0,1,1,0,3
Maharashtra,AURANGABAD RURAL,0,6,1,0,0,1,2,9,0,24
Jammu & Kashmir,AWANTIPORA,0,0,0,0,0,0,0,0,0,0
Uttar Pradesh,AZAMGARH,2,4,9,0,0,1,11,0,0,80
Uttar Pradesh,BADAUN,5,5,4,0,0,0,11,0,0,36
Himachal Pradesh,BADDIPOLICEDIST,0,0,0,0,0,0,0,0,0,0
Bihar,BAGAHA,0,1,0,0,0,3,0,105,0,0
Karnataka,BAGALKOT,2,5,0,1,0,0,8,43,0,35
Uttarakhand,BAGESHWAR,0,1,0,0,0,0,0,0,0,0
Uttar Pradesh,BAGHPAT,1,1,2,0,0,0,1,0,0,15
Uttar Pradesh,BAHRAICH,0,4,0,0,0,0,0,166,0,0
Assam,BAKSA,0,0,0,0,0,0,0,0,0,0
Madhya Pradesh,BALAGHAT,0,5,0,0,0,0,8,0,0,19
Odisha,BALASORE,1,9,5,0,0,0,112,159,0,0
Uttar Pradesh,BALLIA,3,3,5,0,0,1,1,31,0,50
Chhattisgarh,BALOD,0,0,0,0,0,0,0,1,0,4
Chhattisgarh,BALODA BAZAR,1,2,1,0,0,0,3,0,0,8
Chhattisgarh,BALRAMPUR,0,1,0,0,0,0,1,0,0,1
Uttar Pradesh,BALRAMPUR,1,1,2,0,0,0,1,39,0,0
Uttar Pradesh,BANDA,4,9,7,0,0,1,6,62,0,95
Jammu & Kashmir,BANDIPORA,0,0,0,0,0,0,0,0,0,0
Karnataka,BANGALORE COMMR.,2,2,0,0,0,0,10,128,1,3
Karnataka,BANGALORE RURAL,3,6,2,0,0,0,37,70,0,22
Bihar,BANKA,2,1,0,0,0,0,0,106,0,0
West Bengal,BANKURA,0,0,0,0,0,0,0,0,0,4
Rajasthan,BANSWARA,0,1,0,0,0,0,0,1,0,12
Uttar Pradesh,BARABANKI,2,7,0,0,0,1,0,0,0,185
Odisha,BARAGARH,0,2,0,0,0,0,21,42,0,0
Jammu & Kashmir,BARAMULLA,0,0,0,0,0,0,0,0,0,0
Rajasthan,BARAN,0,4,6,0,0,0,8,3,0,83
Uttar Pradesh,BAREILLY,5,13,19,0,0,1,3,66,0,83
Rajasthan,BARMER,2,2,0,0,0,2,0,0,0,177
Punjab,BARNALA,0,0,0,0,0,0,2,0,0,1
Assam,BARPETA,0,0,0,0,0,0,0,0,0,0
Madhya Pradesh,BARWANI,0,2,1,0,0,0,3,0,0,4
Uttar Pradesh,BASTI,0,4,3,0,0,0,1,0,0,52
Punjab,BATALA,0,2,0,0,0,0,1,0,0,0
West Bengal,BDN CP,0,0,0,0,0,0,0,0,0,0
Maharashtra,BEED,1,11,0,0,2,0,7,1,0,61
Bihar,BEGUSARAI,0,0,0,0,0,0,2,311,0,0
Karnataka,BELGAUM,1,4,0,0,0,0,0,50,0,0
Karnataka,BELLARY,0,0,0,0,0,0,0,36,1,0
Chhattisgarh,BEMETARA,0,1,0,0,0,0,0,0,0,1
Odisha,BERHAMPUR,0,5,0,1,0,0,0,30,0,0
Bihar,BETTIAH,0,1,0,0,0,3,11,138,0,30
Madhya Pradesh,BETUL,3,6,1,0,0,0,26,0,0,22
Bihar,BHABHUA,2,1,0,0,0,1,26,51,0,0
Odisha,BHADRAK,0,4,0,0,0,1,15,129,0,0
Bihar,BHAGALPUR,1,4,0,0,0,1,4,132,0,0
Maharashtra,BHANDARA,2,5,0,0,0,0,1,2,0,14
Rajasthan,BHARATPUR,1,10,0,0,0,4,5,2,0,467
Gujarat,BHARUCH,0,0,1,0,0,0,1,11,0,2
Punjab,BHATINDA,0,1,0,0,0,0,1,1,0,2
Gujarat,BHAVNAGAR,0,3,4,1,3,1,8,15,0,51
Rajasthan,BHILWARA,0,3,0,0,0,1,0,5,0,154
Madhya Pradesh,BHIND,1,7,0,0,0,0,7,0,0,18
Haryana,BHIWANI,3,14,4,0,0,0,1,1,0,21
Bihar,BHOJPUR,3,3,0,0,0,0,20,163,0,19
Madhya Pradesh,BHOPAL,1,15,3,0,0,1,0,0,0,46
Madhya Pradesh,BHOPAL RLY.,1,1,0,0,0,0,0,0,0,0
Karnataka,BIDAR,1,1,0,0,0,0,0,22,1,0
Assam,BIEO,0,0,0,0,0,0,0,0,0,0
Karnataka,BIJAPUR,4,2,2,0,0,0,18,37,0,22
Uttar Pradesh,BIJNOR,3,8,3,0,0,0,0,0,0,52
Rajasthan,BIKANER,5,12,0,0,0,2,10,2,0,234
Chhattisgarh,BILASPUR,1,5,0,0,0,1,3,0,0,19
Himachal Pradesh,BILASPUR,0,1,0,0,0,0,0,5,2,5
West Bengal,BIRBHUM,0,1,0,0,0,1,0,0,0,2
Manipur,BISHNUPUR,0,0,0,0,0,0,0,0,0,0
Chhattisgarh,BIZAPUR,0,0,0,0,0,0,0,0,0,1
West Bengal,BKP CP,0,0,0,0,0,0,0,1,0,5
Jharkhand,BOKARO,0,0,0,0,0,0,0,10,0,0
Odisha,BOLANGIR,1,1,0,0,0,0,0,47,0,0
Assam,BONGAIGAON,0,0,0,0,0,0,0,0,0,0
Odisha,BOUDH,0,1,0,0,0,2,27,28,0,0
Jammu & Kashmir,BUDGAM,0,0,0,0,0,0,0,0,0,0
Uttar Pradesh,BULANDSHAHAR,9,10,5,0,0,1,1,0,0,80
Maharashtra,BULDHANA,3,5,0,0,0,0,5,5,0,26
Rajasthan,BUNDI,1,5,1,0,0,0,2,5,0,84
West Bengal,BURDWAN,0,0,0,0,0,0,0,0,0,24
Madhya Pradesh,BURHANPUR,0,1,1,0,0,0,3,0,0,19
Bihar,BUXAR,1,1,0,0,1,1,7,85,0,0
Assam,C.I.D.,0,0,0,0,0,0,0,0,0,0
Assam,CACHAR,0,0,0,0,0,0,0,1,0,1
A&N Islands,CAR,0,0,0,0,0,0,0,0,0,0
Delhi UT,CAW,0,0,0,0,0,0,0,0,0,0
Karnataka,CBPURA,1,2,0,0,0,0,0,53,0,48
Delhi UT,CENTRAL,0,0,0,0,0,0,0,4,0,3
Jharkhand,CHAIBASA,0,0,0,0,0,0,0,4,0,4
Karnataka,CHAMARAJNAGAR,0,0,0,0,0,0,0,14,0,20
Himachal Pradesh,CHAMBA,0,1,0,0,0,0,0,0,0,0
Uttarakhand,CHAMOLI,0,0,1,0,0,0,2,1,0,0
Uttarakhand,CHAMPAWAT,0,0,0,0,0,0,1,0,0,0
Mizoram,CHAMPHAI,0,0,0,0,0,0,0,0,0,0
Manipur,CHANDEL,0,0,0,0,0,0,0,0,0,0
Chandigarh,CHANDIGARH,0,0,0,0,0,0,0,2,0,2
Uttar Pradesh,CHANDOLI,1,3,0,0,0,0,0,58,0,9
Maharashtra,CHANDRAPUR,0,7,0,0,1,0,0,0,0,11
Arunachal Pradesh,CHANGLANG,0,0,0,0,0,0,0,0,0,0
Jharkhand,CHATRA,0,0,0,0,0,0,0,11,0,0
Tamil Nadu,CHENNAI,0,0,0,0,0,0,0,7,1,0
Tamil Nadu,CHENNAI RLY.,0,0,0,0,0,0,0,0,0,0
Madhya Pradesh,CHHATARPUR,2,8,2,0,0,1,65,0,0,57
Madhya Pradesh,CHHINDWARA,1,11,5,0,0,0,1,0,0,28
Karnataka,CHICKMAGALUR,1,4,0,1,0,0,11,41,0,24
Assam,CHIRANG,0,0,0,0,0,0,0,0,0,0
Karnataka,CHITRADURGA,1,2,1,0,0,1,11,29,7,11
Uttar Pradesh,CHITRAKOOT DHAM,0,3,0,0,0,0,0,58,0,12
Andhra Pradesh,CHITTOOR,2,3,0,0,0,1,27,9,0,55
Rajasthan,CHITTORGARH,0,8,1,0,0,0,0,5,0,88
Manipur,CHURACHANDPUR,0,0,0,0,0,0,0,0,0,0
Rajasthan,CHURU,7,16,0,0,0,0,142,1,0,41
Himachal Pradesh,CID,0,0,0,0,0,0,0,0,0,0
Manipur,CID,0,0,0,0,0,0,0,0,0,0
Gujarat,CID CRIME,0,0,0,0,0,0,0,0,0,0
Tamil Nadu,COIMBATORE RURAL,0,0,0,0,0,0,7,35,0,0
Tamil Nadu,COIMBATORE URBAN,0,0,0,0,0,0,0,8,0,0
West Bengal,COOCHBEHAR,0,0,0,0,0,0,0,0,0,0
Punjab,CP AMRITSAR,0,0,0,0,0,0,1,0,0,0
Punjab,CP JALANDHAR,0,0,0,0,0,0,0,0,0,0
Punjab,CP LUDHIANA,0,1,0,0,0,0,5,0,0,0
Delhi UT,CRIME BRANCH,0,0,0,0,0,0,0,0,0,0
Jammu & Kashmir,CRIME JAMMU,0,0,0,0,0,0,0,0,0,0
Jammu & Kashmir,CRIME SRINAGAR,0,0,0,0,0,0,0,0,0,0
Tamil Nadu,CUDDALORE,0,0,0,0,0,1,0,47,0,0
Andhra Pradesh,CUDDAPAH,2,2,0,0,0,0,78,22,0,72
Odisha,CUTTACK,1,5,9,0,0,0,42,103,0,0
Andhra Pradesh,CYBERABAD,2,8,0,0,0,0,15,61,1,58
D&N Haveli,D&N HAVELI,0,0,0,0,0,0,0,0,0,0
Gujarat,DAHOD,0,1,0,0,0,0,0,2,0,0
West Bengal,DAKSHIN DINAJPUR,0,0,1,0,0,0,1,0,0,0
Karnataka,DAKSHIN KANNADA,0,3,0,0,0,0,0,31,0,1
Daman & Diu,DAMAN,0,0,0,0,0,0,1,0,0,0
Madhya Pradesh,DAMOH,1,5,1,0,0,0,15,0,0,17
Chhattisgarh,DANTEWARA,0,1,0,0,0,0,0,0,0,0
Bihar,DARBHANGA,1,1,4,0,0,3,1,134,0,138
West Bengal,DARJEELING,0,0,0,0,0,0,0,5,0,2
Assam,DARRANG,0,0,0,0,0,0,0,0,0,0
Madhya Pradesh,DATIYA,7,6,1,0,0,0,6,0,0,85
Rajasthan,DAUSA,0,1,0,0,0,0,0,1,0,128
Karnataka,DAVANAGERE,1,2,0,0,0,0,10,36,0,20
Odisha,DCP BBSR,0,4,0,0,0,0,16,79,0,0
Odisha,DCP CTC,0,1,0,0,0,0,4,31,0,0
Uttarakhand,DEHRADUN,0,0,0,0,0,0,1,1,0,0
Odisha,DEOGARH,0,2,0,0,0,0,0,13,0,0
Jharkhand,DEOGHAR,0,0,0,0,0,0,82,37,0,16
Uttar Pradesh,DEORIA,1,5,12,0,0,0,2,0,0,83
Madhya Pradesh,DEWAS,1,5,0,0,0,0,2,0,0,38
Tripura,DHALAI,0,0,0,0,0,0,0,0,0,0
Chhattisgarh,DHAMTARI,0,0,0,0,0,0,0,0,0,2
Jharkhand,DHANBAD,0,0,0,0,0,1,10,65,0,54
Jharkhand,DHANBAD RLY.,0,0,0,0,0,0,0,1,0,1
Madhya Pradesh,DHAR,0,3,1,0,0,0,8,0,0,10
Tamil Nadu,DHARMAPURI,1,3,0,0,0,0,3,36,0,36
Karnataka,DHARWAD COMMR.,0,3,0,0,1,0,0,23,0,23
Karnataka,DHARWAD RURAL,0,0,0,0,0,0,0,11,0,11
Assam,DHEMAJI,0,0,0,0,0,0,0,0,0,0
Odisha,DHENKANAL,2,2,0,0,0,1,13,128,0,0
Rajasthan,DHOLPUR,4,5,6,0,0,0,56,0,0,145
Assam,DHUBRI,0,0,0,0,0,0,0,0,0,0
Maharashtra,DHULE,3,2,1,2,3,0,1,3,0,17
Arunachal Pradesh,DIBANG VALLEY,0,0,0,0,0,0,0,0,0,0
Assam,DIBRUGARH,0,0,0,0,0,0,0,0,0,0
Nagaland,DIMAPUR,0,0,0,0,0,0,0,0,0,0
Tamil Nadu,DINDIGUL,0,0,0,0,0,0,0,30,0,0
Madhya Pradesh,DINDORI,0,1,0,0,0,0,0,0,0,7
Rajasthan,DISCOM,0,0,0,0,0,0,0,0,0,0
Daman & Diu,DIU,0,0,0,0,0,0,0,0,0,0
Jammu & Kashmir,DODA,0,0,0,0,0,0,0,0,0,0
Jharkhand,DUMKA,0,0,0,0,0,0,1,8,0,7
Rajasthan,DUNGARPUR,0,0,0,0,0,0,0,1,0,4
Chhattisgarh,DURG,0,3,0,0,0,0,1,0,0,4
Sikkim,EAST,0,0,0,0,1,0,1,0,0,0
Delhi UT,EAST,0,0,0,0,0,0,0,2,0,1
Andhra Pradesh,EAST GODAVARI,3,9,0,0,0,1,26,28,2,112
Delhi UT,EOW,0,0,0,0,0,0,0,0,0,2
Kerala,ERNAKULAM COMMR.,0,4,0,0,0,0,8,3,0,22
Kerala,ERNAKULAM RURAL,1,9,0,0,0,0,18,7,0,24
Tamil Nadu,ERODE,2,1,1,0,0,0,1,27,0,0
Uttar Pradesh,ETAH,2,3,0,0,0,0,10,0,0,54
Uttar Pradesh,ETAWAH,4,4,5,0,0,0,0,0,0,32
Uttar Pradesh,FAIZABAD,3,2,3,0,0,0,0,54,0,0
Haryana,FARIDABAD,0,5,3,0,0,0,0,1,0,22
Punjab,FARIDKOT,0,1,0,0,0,0,0,0,0,1
Haryana,FATEHABAD,0,5,1,0,0,0,0,0,0,10
Uttar Pradesh,FATEHGARH,2,1,2,0,0,0,0,0,0,68
Punjab,FATEHGARH SAHIB,0,2,0,0,0,0,2,0,0,0
Uttar Pradesh,FATEHPUR,2,10,7,0,0,2,10,0,0,82
Punjab,FAZILKA,0,0,0,0,0,0,0,0,0,0
Punjab,FEROZPUR,0,0,1,0,0,0,4,1,0,2
Uttar Pradesh,FIROZABAD,4,3,14,0,0,1,6,0,0,80
Punjab,G.R.P,0,0,0,0,0,0,0,0,0,0
Assam,G.R.P.,0,0,0,0,0,0,0,0,0,0
Himachal Pradesh,G.R.P.,0,0,0,0,0,0,0,0,0,0
Uttar Pradesh,G.R.P.,0,0,0,0,0,0,0,0,0,2
Rajasthan,G.R.P.AJMER,0,0,0,0,0,0,0,0,0,0
Rajasthan,G.R.P.JODHPUR,0,0,0,0,0,0,0,1,0,1
Karnataka,GADAG,0,0,0,0,0,0,0,17,0,17
Maharashtra,GADCHIROLI,0,0,0,0,1,0,1,1,0,3
Odisha,GAJAPATI,0,1,0,0,0,0,4,4,0,0
Jammu & Kashmir,GANDERBAL,0,0,0,0,0,0,0,0,0,0
Gujarat,GANDHINAGAR,0,4,4,0,1,0,22,0,0,8
Rajasthan,GANGANAGAR,3,33,6,0,0,1,30,11,0,357
Odisha,GANJAM,3,6,2,0,0,2,43,70,0,0
Jharkhand,GARHWA,2,1,0,0,0,0,61,52,0,15
Chhattisgarh,GARIYABAND,1,2,0,0,0,0,0,0,0,3
Meghalaya,GARO HILLS EAST,0,0,0,0,0,0,0,0,0,0
Meghalaya,GARO HILLS NORTH,0,0,0,0,0,0,0,0,0,0
Meghalaya,GARO HILLS SOUTH,0,0,0,0,0,0,0,0,0,0
Meghalaya,GARO HILLS SOUTH W.,0,0,0,0,0,0,0,0,0,0
Meghalaya,GARO HILLS WEST,0,0,0,0,0,0,0,0,0,0
Uttar Pradesh,GAUTAMBUDH NAGAR,4,4,3,0,0,0,2,0,0,41
Bihar,GAYA,0,0,0,0,0,0,0,372,0,0
Uttar Pradesh,GHAZIABAD,5,9,5,0,1,0,4,0,0,60
Uttar Pradesh,GHAZIPUR,2,5,4,1,0,1,7,57,0,11
Jharkhand,GIRIDIH,3,1,0,0,0,0,0,17,0,0
Assam,GOALPARA,0,0,0,0,0,0,0,0,0,0
Jharkhand,GODDA,0,0,0,0,0,0,0,18,0,0
Assam,GOLAGHAT,0,0,0,0,0,0,0,0,0,0
Tripura,GOMATI,0,1,0,0,0,0,0,0,0,3
Uttar Pradesh,GONDA,1,4,1,0,0,0,6,115,0,0
Maharashtra,GONDIA,1,5,1,0,0,0,2,10,1,13
Bihar,GOPALGANJ,0,0,0,0,0,0,0,143,0,26
Uttar Pradesh,GORAKHPUR,6,16,11,0,0,0,1,178,0,0
Haryana,GRP,0,0,2,0,0,0,0,0,0,1
Tripura,GRP,0,0,0,0,0,0,0,0,0,0
Chhattisgarh,GRP RAIPUR,0,0,0,0,0,0,0,0,0,0
Delhi UT,GRP(RLY),0,0,0,0,0,0,0,0,0,0
Karnataka,GULBARGA,0,0,5,0,0,0,25,0,0,0
Jharkhand,GUMLA,0,1,3,0,0,0,0,2,0,0
Madhya Pradesh,GUNA,2,9,3,0,0,1,16,0,0,27
Andhra Pradesh,GUNTAKAL RLY.,0,0,0,0,0,0,0,0,0,0
Andhra Pradesh,GUNTUR,4,4,3,0,0,0,44,14,0,75
Andhra Pradesh,GUNTUR URBAN,2,3,0,0,0,0,9,10,0,30
Punjab,GURDASPUR,0,0,0,0,0,0,1,0,0,0
Haryana,GURGAON,1,7,1,0,0,0,0,1,0,17
Assam,GUWAHATI CITY,0,0,0,0,0,0,0,0,0,0
Madhya Pradesh,GWALIOR,5,17,3,0,0,1,91,0,0,73
Assam,HAILAKANDI,0,0,0,0,0,0,0,0,0,0
Himachal Pradesh,HAMIRPUR,0,0,0,0,0,0,0,13,0,13
Uttar Pradesh,HAMIRPUR,2,4,0,0,0,2,5,43,0,43
Assam,HAMREN,0,0,0,0,0,0,0,0,0,0
Jammu & Kashmir,HANDWARA,0,0,0,0,0,0,0,0,0,0
Rajasthan,HANUMANGARH,5,26,6,0,0,0,16,9,0,254
Uttar Pradesh,HAPUR,3,2,4,0,0,0,0,0,0,18
Madhya Pradesh,HARDA,1,3,0,0,0,0,2,0,0,5
Uttar Pradesh,HARDOI,2,3,6,0,0,1,25,52,0,104
Uttarakhand,HARIDWAR,0,1,0,0,0,0,0,0,0,0
Karnataka,HASSAN,0,0,0,0,0,0,0,69,0,69
Uttar Pradesh,HATHRAS,3,6,2,0,0,0,5,0,0,43
Karnataka,HAVERI,0,0,0,0,0,0,18,18,0,0
Jharkhand,HAZARIBAGH,0,2,0,0,0,0,12,35,0,22
Gujarat,HIMATNAGAR,0,2,1,0,0,1,2,0,0,20
Maharashtra,HINGOLI,0,3,1,0,0,1,6,0,0,21
Haryana,HISSAR,1,6,2,0,0,0,0,4,0,13
West Bengal,HOOGHLY,0,0,0,0,0,0,0,1,0,1
Madhya Pradesh,HOSHANGABAD,4,9,3,0,0,0,32,0,0,28
Punjab,HOSHIARPUR,3,0,0,0,0,0,2,0,0,2
West Bengal,HOWRAH,0,0,0,0,0,0,0,2,0,0
West Bengal,HOWRAH CITY,0,0,0,0,0,0,0,3,0,3
West Bengal,HOWRAH G.R.P.,0,0,0,0,0,0,0,0,0,0
Andhra Pradesh,HYDERABAD CITY,1,3,0,0,0,0,0,110,0,2
Haryana,I&P HARYANA,0,0,0,0,0,0,0,0,0,0
Kerala,IDUKKI,0,3,0,0,0,0,15,4,0,8
Delhi UT,IGI AIRPORT,0,0,0,0,0,0,0,0,0,0
Manipur,IMPHAL EAST,0,0,0,0,0,0,0,0,0,0
Manipur,IMPHAL WEST,0,0,0,0,0,0,0,0,0,0
Madhya Pradesh,INDORE,4,20,1,0,0,0,0,0,0,57
Madhya Pradesh,INDORE RLY.,0,0,0,0,0,0,0,0,0,0
Madhya Pradesh,JABALPUR,5,19,4,0,0,0,22,1,0,48
Madhya Pradesh,JABALPUR RLY.,2,0,0,0,0,0,0,0,0,0
Odisha,JAGATSINGHPUR,3,3,0,0,0,3,0,114,0,0
Chhattisgarh,JAGDALPUR,0,0,0,0,0,0,0,0,0,0
Meghalaya,JAINTIA HILLS EAST,0,0,0,0,0,0,0,0,0,0
Meghalaya,JAINTIA HILLS WEST,0,0,0,0,0,0,0,0,0,0
Rajasthan,JAIPUR EAST,0,4,0,0,0,0,0,0,0,65
Rajasthan,JAIPUR NORTH,0,3,0,0,0,0,1,1,0,31
Rajasthan,JAIPUR RURAL,3,19,0,0,0,3,0,6,0,185
Rajasthan,JAIPUR SOUTH,0,1,0,0,0,0,0,2,0,58
Rajasthan,JAIPUR WEST,1,5,0,0,0,0,0,1,0,114
Rajasthan,JAISALMER,2,0,0,0,0,0,0,0,0,65
Odisha,JAJPUR,1,5,0,0,0,1,74,81,0,0
Punjab,JALANDHAR RURAL,1,1,0,0,0,0,2,1,0,3
Uttar Pradesh,JALAUN,4,1,5,0,0,0,0,11,0,42
Maharashtra,JALGAON,0,4,2,1,1,0,7,13,0,30
Maharashtra,JALNA,5,3,3,1,0,0,22,0,0,43
Rajasthan,JALORE,2,5,0,0,0,0,0,0,0,116
West Bengal,JALPAIGURI,0,0,0,0,0,0,0,0,0,0
Bihar,JAMALPUR RLY.,0,0,0,0,0,0,0,1,0,0
Jammu & Kashmir,JAMMU,0,0,0,0,0,0,0,0,0,0
Gujarat,JAMNAGAR,1,5,1,1,0,0,12,4,0,17
Jharkhand,JAMSHEDPUR,0,1,0,0,0,0,8,28,0,19
Jharkhand,JAMSHEDPUR RLY.,0,0,0,0,0,0,0,0,0,0
Jharkhand,JAMTARA,0,0,0,0,0,0,6,29,0,18
Bihar,JAMUI,0,0,0,0,0,0,0,130,0,0
Chhattisgarh,JANJGIR,1,7,1,0,0,0,27,0,0,25
Chhattisgarh,JASHPUR,0,0,0,0,0,0,1,0,0,2
Uttar Pradesh,JAUNPUR,2,5,4,0,0,0,3,71,0,18
Bihar,JEHANABAD,2,0,2,0,0,3,4,98,0,0
Madhya Pradesh,JHABUA,0,0,0,0,0,0,0,0,0,0
Haryana,JHAJJAR,0,1,3,0,0,0,0,0,0,12
Rajasthan,JHALAWAR,1,11,4,0,1,1,1,3,0,124
Uttar Pradesh,JHANSI,10,4,10,0,0,0,1,60,0,4
West Bengal,JHARGRAM,0,0,0,0,0,0,0,0,0,0
Odisha,JHARSUGUDA,0,2,0,0,0,0,15,16,0,0
Rajasthan,JHUNJHUNU,2,6,0,0,0,1,2,1,0,159
Haryana,JIND,1,4,1,0,1,1,2,1,0,10
Rajasthan,JODHPUR EAST,3,1,3,0,0,0,6,3,0,43
Rajasthan,JODHPUR RURAL,3,4,1,0,0,0,124,3,0,10
Rajasthan,JODHPUR WEST,0,4,0,0,0,0,12,2,0,29
Assam,JORHAT,0,0,0,0,0,0,0,2,0,2
Gujarat,JUNAGADH,3,3,0,0,2,1,15,8,0,74
Karnataka,K.G.F.,0,2,0,0,0,0,6,8,0,8
Arunachal Pradesh,K/KUMEY,0,0,0,0,0,0,0,0,0,0
Chhattisgarh,KABIRDHAM,0,1,1,0,0,0,2,0,0,4
Haryana,KAITHAL,0,5,2,1,0,0,1,0,0,6
Odisha,KALAHANDI,1,3,0,0,0,0,0,47,0,0
Arunachal Pradesh,KAMENG EAST,0,0,0,0,0,0,0,0,0,0
Arunachal Pradesh,KAMENG WEST,0,0,0,0,0,0,0,0,0,0
Assam,KAMRUP,0,0,0,0,0,0,0,0,0,0
Tamil Nadu,KANCHIPURAM,0,0,0,0,0,0,1,26,0,0
Odisha,KANDHAMAL,0,5,2,0,0,0,15,18,0,0
Himachal Pradesh,KANGRA,0,0,0,0,0,0,0,15,0,0
Chhattisgarh,KANKER,0,3,0,0,0,0,0,0,0,2
Uttar Pradesh,KANNAUJ,2,2,6,0,0,0,2,0,0,50
Kerala,KANNUR,0,3,0,0,0,0,18,3,0,5
Uttar Pradesh,KANPUR DEHAT,6,5,3,0,0,1,6,0,0,48
Uttar Pradesh,KANPUR NAGAR,11,6,12,0,0,0,10,0,0,134
Tamil Nadu,KANYAKUMARI,0,0,0,0,0,0,0,4,0,0
Punjab,KAPURTHALA,1,0,0,0,0,0,0,1,0,2
Puducherry,KARAIKAL,0,1,0,0,0,0,0,0,3,0
Rajasthan,KARAULI,2,7,0,0,0,2,0,1,0,137
Assam,KARBI ANGLONG,0,0,0,0,0,0,0,0,0,0
Jammu & Kashmir,KARGIL,0,0,0,0,0,0,0,0,0,0
Assam,KARIMGANJ,0,0,0,0,0,0,0,0,0,0
Andhra Pradesh,KARIMNAGAR,4,9,0,0,0,1,23,70,1,113
Haryana,KARNAL,1,11,4,0,0,1,1,1,0,33
Tamil Nadu,KARUR,0,0,0,0,0,0,0,10,0,0
Kerala,KASARGOD,0,0,0,0,0,0,13,1,0,10
Uttar Pradesh,KASGANJ,0,3,0,0,0,0,2,0,0,23
Jammu & Kashmir,KATHUA,0,0,0,0,0,0,0,0,0,0
Bihar,KATIHAR,0,0,0,0,0,1,1,58,0,0
Bihar,KATIHAR RLY.,0,0,0,0,0,0,0,5,0,0
Madhya Pradesh,KATNI,1,3,0,0,0,0,1,0,0,16
Uttar Pradesh,KAUSHAMBI,0,3,4,0,0,0,9,0,0,45
Odisha,KENDRAPARA,1,5,0,0,0,2,35,115,0,0
Odisha,KEONJHAR,0,3,0,0,0,0,25,28,0,0
Bihar,KHAGARIA,1,1,0,0,0,4,2,150,0,0
Andhra Pradesh,KHAMMAM,0,5,0,0,0,0,4,4,0,34
Madhya Pradesh,KHANDWA,1,2,0,0,0,0,1,0,0,20
Punjab,KHANNA,0,1,0,0,0,0,0,0,0,3
West Bengal,KHARAGPUR G.R.P.,0,0,0,0,0,0,0,0,0,0
Madhya Pradesh,KHARGON,1,9,2,0,0,0,11,0,0,17
Meghalaya,KHASI HILLS EAST,0,0,0,0,0,0,0,0,0,0
Meghalaya,KHASI HILLS SOUTH W.,0,0,0,0,0,0,0,0,0,0
Meghalaya,KHASI HILLS WEST,0,0,0,0,0,0,0,0,0,0
Gujarat,KHEDA NORTH,1,1,2,0,0,1,3,14,0,10
Uttar Pradesh,KHIRI,8,12,0,0,0,0,22,47,0,40
Tripura,KHOWAI,1,0,0,0,0,0,3,0,0,10
Jharkhand,KHUNTI,0,0,0,0,0,0,0,0,0,0
Odisha,KHURDA,1,1,0,0,0,4,0,79,0,0
Himachal Pradesh,KINNAUR,0,0,0,0,0,0,0,0,2,0
Nagaland,KIPHIRE,0,0,0,0,0,0,0,0,0,0
Bihar,KISHANGANJ,1,3,0,0,0,0,23,31,0,0
Jammu & Kashmir,KISHTWAR,0,0,0,0,0,0,0,0,0,0
Karnataka,KODAGU,2,1,0,0,0,0,9,14,0,0
Jharkhand,KODERMA,0,0,0,0,0,0,30,72,0,42
Nagaland,KOHIMA,0,0,0,0,0,0,0,0,0,0
Assam,KOKRAJHAR,0,0,0,0,0,0,0,0,0,0
Karnataka,KOLAR,3,5,0,0,0,0,0,95,0,87
Mizoram,KOLASIB,0,0,0,0,0,0,0,0,0,0
Maharashtra,KOLHAPUR,1,3,1,2,3,0,10,16,0,17
West Bengal,KOLKATA,0,0,0,0,0,0,0,4,0,7
Kerala,KOLLAM COMMR.,0,10,0,0,0,0,9,11,0,11
Kerala,KOLLAM RURAL,0,12,1,0,0,0,28,2,0,22
Chhattisgarh,KONDAGAON,0,0,0,0,0,0,0,0,0,0
Karnataka,KOPPAL,0,0,0,0,0,0,0,38,0,0
Odisha,KORAPUT,0,0,0,0,0,0,0,11,0,0
Chhattisgarh,KORBA,1,6,0,0,0,0,3,0,0,11
Chhattisgarh,KORIYA,1,5,0,0,0,0,4,0,0,4
Rajasthan,KOTA CITY,2,9,0,0,0,0,5,2,0,52
Rajasthan,KOTA RURAL,0,5,0,0,0,0,2,0,0,47
Kerala,KOTTAYAM,0,5,0,0,0,0,19,6,0,19
Kerala,KOZHIKODE COMMR.,0,4,0,0,0,0,5,0,0,7
Kerala,KOZHIKODE RURAL,0,5,1,0,0,0,22,2,0,23
Andhra Pradesh,KRISHNA,2,1,0,0,0,0,21,8,0,45
Tamil Nadu,KRISHNAGIRI,0,0,0,0,0,0,0,20,0,0
Jammu & Kashmir,KULGAM,0,0,0,0,0,0,0,0,0,0
Himachal Pradesh,KULLU,0,0,0,0,0,0,0,5,0,0
Jammu & Kashmir,KUPWARA,0,0,0,0,0,0,0,0,0,0
Andhra Pradesh,KURNOOL,4,2,0,3,0,0,51,45,0,129
Haryana,KURUKSHETRA,2,2,2,0,0,0,0,0,0,10
Uttar Pradesh,KUSHI NAGAR,2,1,1,0,0,0,14,0,0,56
Gujarat,KUTCH (EAST(G)),5,6,3,1,0,0,6,3,0,43
Gujarat,KUTCH (WEST-BHUJ),0,2,0,0,1,0,5,2,0,18
Himachal Pradesh,LAHAUL-SPITI,0,0,0,0,0,0,0,0,0,0
Assam,LAKHIMPUR,0,0,0,0,0,0,0,0,0,0
Bihar,LAKHISARAI,0,2,0,0,0,0,1,49,0,0
Lakshadweep,LAKSHADWEEP,0,0,0,0,0,0,0,0,0,0
Uttar Pradesh,LALITPUR,2,0,0,0,0,0,0,20,0,22
Jharkhand,LATEHAR,0,0,0,0,0,0,0,10,0,10
Maharashtra,LATUR,0,3,2,2,1,0,6,14,0,29
Mizoram,LAWNGTLAI,0,0,0,0,0,0,0,0,0,0
Jammu & Kashmir,LEH,0,0,0,0,0,0,0,0,0,0
Jharkhand,LOHARDAGGA,0,0,0,0,0,0,0,10,0,0
Arunachal Pradesh,LOHIT,0,0,0,0,0,0,0,0,0,0
Arunachal Pradesh,LONGDING,0,0,0,0,0,0,0,0,0,0
Nagaland,LONGLENG,0,0,0,0,0,0,0,0,0,0
Uttar Pradesh,LUCKNOW,9,12,8,0,0,0,4,99,0,116
Punjab,LUDHIANA RURAL,0,0,0,0,0,0,1,1,0,4
Mizoram,LUNGLEI,0,0,0,0,0,0,0,0,0,0
Bihar,MADHEPURA,2,9,0,0,0,3,0,111,0,0
Bihar,MADHUBANI,2,5,0,0,0,1,2,156,0,0
Tamil Nadu,MADURAI RURAL,3,5,3,0,1,1,95,177,0,1
Tamil Nadu,MADURAI URBAN,2,0,0,0,0,0,2,3,0,25
Andhra Pradesh,MAHABOOBNAGAR,5,9,0,0,0,0,39,15,0,91
Uttar Pradesh,MAHARAJGANJ,1,1,3,0,0,1,1,15,0,29
Chhattisgarh,MAHASAMUND,0,2,0,0,0,0,0,0,0,5
Haryana,MAHENDRAGARH,5,6,1,0,0,0,2,1,0,19
Uttar Pradesh,MAHOBA,2,9,3,0,0,2,0,25,0,21
Uttar Pradesh,MAINPURI,4,3,1,0,0,0,1,0,0,56
Kerala,MALAPPURAM,0,14,0,0,0,0,15,1,0,45
West Bengal,MALDA,0,1,0,0,0,0,0,0,0,0
Odisha,MALKANGIR,0,0,0,0,0,0,0,2,0,0
Mizoram,MAMIT,0,0,0,0,0,0,0,0,0,0
Himachal Pradesh,MANDI,0,2,0,0,0,0,0,11,0,11
Madhya Pradesh,MANDLA,0,1,0,0,0,0,1,0,0,7
Madhya Pradesh,MANDSAUR,1,4,4,0,0,0,18,0,0,20
Karnataka,MANDYA,1,1,0,0,0,0,0,68,1,68
Karnataka,MANGALORE CITY,0,2,0,0,0,0,4,31,0,29
Punjab,MANSA,0,2,0,0,0,0,0,0,0,0
Uttar Pradesh,MATHURA,3,5,0,0,0,0,4,0,0,89
Uttar Pradesh,MAU,2,2,1,0,0,1,0,0,0,35
Odisha,MAYURBHANJ,0,2,0,0,0,0,15,25,0,0
Andhra Pradesh,MEDAK,1,5,0,0,0,0,6,13,0,41
Uttar Pradesh,MEERUT,9,9,5,0,0,0,9,0,0,49
Gujarat,MEHSANA,2,7,1,2,0,1,46,0,0,10
Delhi UT,METRO RAIL,0,0,0,0,0,0,0,0,0,0
Haryana,MEWAT,0,2,0,0,1,0,0,0,0,8
Uttar Pradesh,MIRZAPUR,2,0,0,0,0,0,0,24,0,0
Punjab,MOGA,1,4,2,0,0,0,2,1,0,3
Nagaland,MOKOKCHUNG,0,0,0,0,0,0,0,0,0,0
Nagaland,MON,0,0,0,0,0,0,0,0,0,0
Uttar Pradesh,MORADABAD,2,3,1,0,0,0,0,2,0,28
Madhya Pradesh,MORENA,1,8,3,0,0,0,7,0,0,158
Assam,MORIGAON,0,0,0,0,0,0,0,0,0,0
Bihar,MOTIHARI,2,0,0,0,0,2,28,312,0,0
Punjab,MUKTSAR,1,0,3,0,0,0,1,1,0,2
Maharashtra,MUMBAI COMMR.,0,2,0,0,0,0,1,9,2,16
Maharashtra,MUMBAI RLY.,0,0,0,0,0,0,0,1,0,0
Chhattisgarh,MUNGELI,0,2,1,0,0,0,0,0,0,2
Bihar,MUNGER,0,1,0,0,0,0,0,56,0,0
West Bengal,MURSHIDABAD,0,0,0,0,0,0,0,0,0,0
Uttar Pradesh,MUZAFFARNAGAR,2,4,0,0,0,0,3,0,0,27
Bihar,MUZAFFARPUR,0,0,0,0,0,0,0,352,0,0
Bihar,MUZAFFARPUR RLY.,0,1,0,0,0,0,0,0,0,0
Karnataka,MYSORE COMMR.,0,0,0,0,0,0,0,2,0,0
Karnataka,MYSORE RURAL,0,1,0,0,0,0,0,31,0,61
Assam,N.C.HILLS,0,0,0,0,0,0,0,0,0,0
West Bengal,NADIA,0,0,0,0,0,0,0,1,0,1
Assam,NAGAON,0,0,0,0,0,0,0,1,0,1
Tamil Nadu,NAGAPATTINAM,0,0,0,0,0,0,0,26,0,0
Rajasthan,NAGAUR,6,9,5,0,0,0,4,3,0,238
Maharashtra,NAGPUR COMMR.,0,8,0,0,0,0,1,1,0,14
Maharashtra,NAGPUR RLY.,0,0,0,0,0,0,0,0,0,0
Maharashtra,NAGPUR RURAL,0,7,0,0,0,0,1,1,0,14
Uttarakhand,NAINITAL,1,1,0,0,0,0,0,0,0,0
Bihar,NALANDA,3,3,0,0,0,0,4,195,0,0
Assam,NALBARI,0,0,0,0,0,0,0,0,0,0
Andhra Pradesh,NALGONDA,4,4,0,0,0,0,25,38,1,135
Tamil Nadu,NAMAKKAL,0,0,0,0,2,0,0,46,0,0
Maharashtra,NANDED,3,10,1,3,2,2,16,5,13,44
Maharashtra,NANDURBAR,0,1,1,0,0,0,1,4,0,7
Chhattisgarh,NARAYANPUR,0,0,0,0,0,0,0,0,0,1
Gujarat,NARMADA,0,0,0,0,0,0,0,0,0,0
Madhya Pradesh,NARSINGHPUR,0,14,2,0,0,0,58,0,0,26
Maharashtra,NASIK COMMR.,2,1,0,0,0,0,0,1,0,5
Maharashtra,NASIK RURAL,3,2,1,4,1,0,3,8,0,24
Bihar,NAUGACHIA,0,3,0,0,0,0,0,44,0,0
Maharashtra,NAVI MUMBAI,1,0,0,0,0,0,2,7,0,7
Gujarat,NAVSARI,0,0,0,0,0,0,0,0,0,8
Bihar,NAWADAH,1,3,0,0,0,6,13,124,0,0
Odisha,NAYAGARH,0,5,0,0,0,1,54,60,0,0
Madhya Pradesh,NEEMUCH,0,5,0,0,0,1,16,0,0,21
Andhra Pradesh,NELLORE,2,3,0,0,0,1,34,34,0,89
Delhi UT,NEW DELHI,0,0,0,0,0,0,0,1,1,1
Tamil Nadu,NILGIRIS,0,1,0,0,0,0,0,3,0,3
Andhra Pradesh,NIZAMABAD,1,1,0,0,1,0,7,10,0,52
Sikkim,NORTH,0,0,0,0,0,0,0,0,0,0
Tripura,NORTH,0,0,0,0,0,0,0,0,0,0
A&N Islands,NORTH,0,0,0,0,0,0,0,0,0,0
Delhi UT,NORTH,0,0,0,0,0,0,0,2,0,3
Goa,NORTH GOA,0,0,0,0,0,0,0,2,1,8
Delhi UT,NORTH-EAST,0,0,0,0,0,0,0,1,0,1
Delhi UT,NORTH-WEST,0,0,0,0,0,0,0,3,0,5
Odisha,NOWRANGPUR,0,1,0,0,0,0,4,9,0,0
Odisha,NUAPADA,0,1,2,0,0,0,18,21,0,0
Maharashtra,OSMANABAD,1,3,1,0,0,0,4,3,0,23
Delhi UT,OUTER,0,0,0,0,0,0,0,1,0,2
Jharkhand,PAKUR,0,0,0,0,0,0,0,16,0,0
Kerala,PALAKKAD,0,15,0,0,0,0,30,3,0,22
Jharkhand,PALAMU,0,0,0,0,0,0,31,31,0,0
Gujarat,PALANPUR,1,3,1,0,1,1,23,25,0,3
Rajasthan,PALI,1,2,2,0,0,1,1,2,0,259
Haryana,PALWAL,1,8,0,0,0,0,2,0,0,14
Haryana,PANCHKULA,0,2,0,0,0,0,0,0,0,0
Gujarat,PANCHMAHAL,4,2,0,0,1,0,17,7,0,0
Haryana,PANIPAT,1,2,0,0,0,0,0,1,0,3
Madhya Pradesh,PANNA,1,5,1,0,0,0,0,0,0,13
Arunachal Pradesh,PAPUM PARE,0,0,0,0,0,0,0,0,0,0
Maharashtra,PARBHANI,4,2,4,3,3,1,25,23,1,31
West Bengal,PASCHIM MIDNAPUR,0,0,0,0,0,0,0,0,0,3
Gujarat,PATAN,0,3,0,0,1,1,8,0,0,61
Kerala,PATHANAMTHITTA,0,3,0,0,0,0,5,2,0,18
Punjab,PATHANKOT,0,0,0,0,0,0,0,0,0,0
Punjab,PATIALA,0,0,0,0,0,0,0,4,0,2
Bihar,PATNA,5,6,0,0,0,1,6,357,0,339
Bihar,PATNA RLY.,0,0,0,0,0,0,0,4,0,1
Uttarakhand,PAURI GARHWAL,0,0,0,0,0,0,2,2,0,0
Tamil Nadu,PERAMBALUR,1,0,0,0,0,0,2,5,0,0
Nagaland,PEREN,0,0,0,0,0,0,0,0,0,0
Nagaland,PHEK,0,0,0,0,0,0,0,0,0,0
Uttar Pradesh,PILIBHIT,2,2,7,0,0,0,0,0,0,91
Uttarakhand,PITHORAGARH,0,0,0,0,0,0,0,3,0,0
Jammu & Kashmir,POONCH,0,0,0,0,0,0,0,0,0,0
Gujarat,PORBANDAR,1,0,0,0,0,0,1,4,0,5
Andhra Pradesh,PRAKASHAM,3,1,2,0,0,0,60,15,0,76
Rajasthan,PRATAPGARH,0,1,2,0,0,0,19,1,0,14
Uttar Pradesh,PRATAPGARH,2,11,8,0,1,2,26,0,0,142
Puducherry,PUDUCHERRY,0,0,0,0,0,0,0,4,12,1
Tamil Nadu,PUDUKOTTAI,0,0,0,0,0,0,0,66,0,0
Jammu & Kashmir,PULWAMA,0,0,0,0,0,0,0,0,0,0
Maharashtra,PUNE COMMR.,0,7,0,0,0,0,3,21,0,13
Maharashtra,PUNE RLY.,0,0,0,0,0,0,0,0,0,0
Maharashtra,PUNE RURAL,2,11,0,1,0,1,6,3,0,67
West Bengal,PURAB MIDNAPUR,0,0,0,0,0,0,1,7,0,11
Odisha,PURI,3,9,0,0,0,3,21,142,0,0
Bihar,PURNEA,0,0,0,0,0,0,106,106,0,0
West Bengal,PURULIA,0,0,0,0,0,0,0,0,0,1
Assam,R.P.O.,0,0,0,0,0,0,0,0,0,0
Uttar Pradesh,RAIBAREILLY,1,13,10,0,0,0,6,43,0,60
Karnataka,RAICHUR,3,3,0,0,0,0,0,58,0,52
Maharashtra,RAIGAD,0,2,0,0,0,0,0,5,1,6
Chhattisgarh,RAIGARH,0,4,2,0,0,0,1,0,0,10
Karnataka,RAILWAYS,0,0,0,0,0,0,0,0,0,0
Kerala,RAILWAYS,0,0,0,0,0,0,0,0,0,0
Jammu & Kashmir,RAILWAYS JAMMU,0,0,0,0,0,0,0,0,0,0
Jammu & Kashmir,RAILWAYS KASHMIR,0,0,0,0,0,0,0,0,0,0
Jammu & Kashmir,RAILWAYS KATRA,0,0,0,0,0,0,0,0,0,0
Chhattisgarh,RAIPUR,0,3,0,0,1,0,0,0,0,3
Madhya Pradesh,RAISEN,0,11,4,0,0,1,43,0,0,44
Andhra Pradesh,RAJAHMUNDRY,0,0,1,0,0,0,12,4,0,37
Madhya Pradesh,RAJGARH,4,18,3,0,0,2,43,0,0,42
Gujarat,RAJKOT COMMR.,1,4,0,0,1,0,2,0,0,10
Gujarat,RAJKOT RURAL,2,7,0,0,1,0,37,0,0,17
Chhattisgarh,RAJNANDGAON,0,2,0,0,0,0,0,1,0,5
Jammu & Kashmir,RAJOURI,0,0,0,0,0,0,0,0,0,0
Rajasthan,RAJSAMAND,0,2,2,0,0,1,13,1,0,27
Karnataka,RAMANAGAR,1,2,0,1,0,0,0,69,0,74
Jammu & Kashmir,RAMBAN,0,0,0,0,0,0,0,0,0,0
Jharkhand,RAMGARH,0,0,0,0,0,0,10,18,0,4
Tamil Nadu,RAMNATHAPURAM,2,1,0,0,4,1,6,38,0,25
Uttar Pradesh,RAMPUR,1,2,2,0,0,0,0,0,0,24
Jharkhand,RANCHI,0,0,0,0,0,0,4,3,0,0
Andhra Pradesh,RANGA REDDY,3,4,0,0,0,0,8,8,0,30
Madhya Pradesh,RATLAM,1,13,0,0,0,0,18,0,0,19
Maharashtra,RATNAGIRI,0,0,0,0,0,0,0,7,0,3
Odisha,RAYAGADA,0,5,0,0,0,0,8,15,0,0
Jammu & Kashmir,REASI,0,0,0,0,0,0,0,0,0,0
Madhya Pradesh,REWA,2,9,0,0,0,0,8,0,0,33
Haryana,REWARI,1,11,2,0,0,0,0,0,0,25
Meghalaya,RI-BHOI,0,0,0,0,0,0,0,0,0,0
Haryana,ROHTAK,4,10,5,0,0,0,0,0,0,9
Bihar,ROHTAS,0,4,0,0,0,1,0,183,0,0
Punjab,ROPAR,0,1,0,0,0,0,0,0,0,0
Odisha,ROURKELA,0,2,0,0,0,0,0,14,0,0
Uttarakhand,RUDRA PRAYAG,0,0,0,0,0,0,0,1,0,0
Arunachal Pradesh,RURAL,0,0,0,0,0,0,0,0,0,0
Madhya Pradesh,SAGAR,5,15,2,0,0,2,90,0,0,52
Uttar Pradesh,SAHARANPUR,5,5,4,0,0,0,3,0,0,20
Bihar,SAHARSA,0,0,0,0,0,1,2,195,0,0
Jharkhand,SAHEBGANJ,1,0,1,0,0,0,11,0,0,2
Mizoram,SAIHA,0,0,0,0,0,0,0,0,0,0
Tamil Nadu,SALEM RURAL,0,0,0,0,0,0,1,20,0,0
Tamil Nadu,SALEM URBAN,0,0,0,0,0,0,0,4,0,0
Bihar,SAMASTIPUR,0,2,2,0,0,0,0,200,0,7
Jammu & Kashmir,SAMBA,0,0,0,0,0,0,0,0,0,0
Odisha,SAMBALPUR,0,2,2,0,0,0,19,40,0,0
Uttar Pradesh,SAMBHAL,1,2,8,0,1,0,1,0,0,36
Maharashtra,SANGLI,0,3,1,0,0,0,4,10,0,9
Punjab,SANGRUR,0,0,0,0,0,0,0,0,0,0
Uttar Pradesh,SANT KABIRNAGAR,1,2,3,0,0,0,0,0,0,57
Jharkhand,SARAIKELA,0,0,0,0,0,0,2,2,0,0
Bihar,SARAN,12,1,0,0,0,6,8,170,0,1
Chhattisgarh,SARGUJA,0,2,0,0,0,0,0,0,0,0
Punjab,SAS NGR,0,0,0,0,0,0,1,0,0,1
Maharashtra,SATARA,0,6,0,1,1,0,4,22,0,31
Madhya Pradesh,SATNA,3,14,0,0,0,1,6,0,0,42
Rajasthan,SAWAI MADHOPUR,2,4,0,0,0,0,0,0,0,101
Punjab,SBS NAGAR,0,0,0,0,0,0,1,1,0,1
West Bengal,SEALDAH G.R.P.,0,0,0,0,0,0,0,0,0,0
Andhra Pradesh,SECUNDERABAD RLY.,0,0,0,0,0,0,0,0,0,0
Manipur,SENAPATI,0,0,0,0,0,0,0,0,0,0
Madhya Pradesh,SEONI,1,3,2,0,0,1,8,0,0,12
Mizoram,SERCHHIP,0,0,0,0,0,0,0,0,0,0
Madhya Pradesh,SHAHDOL,1,8,1,0,0,0,2,0,0,11
Uttar Pradesh,SHAHJAHANPUR,3,4,3,0,0,0,1,0,0,59
Madhya Pradesh,SHAJAPUR,1,7,1,0,0,0,21,1,0,15
Uttar Pradesh,SHAMLI,3,2,1,1,0,0,1,0,0,10
Bihar,SHEIKHPURA,1,1,1,0,0,0,1,68,0,0
Bihar,SHEOHAR,0,0,0,0,0,0,0,13,0,19
Madhya Pradesh,SHEOPUR,0,3,0,0,0,0,22,0,0,13
Himachal Pradesh,SHIMLA,0,3,0,0,0,0,0,15,0,0
Karnataka,SHIMOGA,2,9,0,0,0,0,10,53,0,47
Madhya Pradesh,SHIVPURI,3,15,3,0,0,5,9,0,0,60
Jammu & Kashmir,SHOPIAN,0,0,0,0,0,0,0,0,0,0
Uttar Pradesh,SHRAWASTI,2,4,0,0,0,0,0,57,0,0
Arunachal Pradesh,SIANG EAST,0,0,0,0,0,0,0,0,0,0
Arunachal Pradesh,SIANG UPPER,0,0,0,0,0,0,0,0,0,0
Arunachal Pradesh,SIANG WEST,0,0,0,0,0,0,0,0,0,0
Assam,SIBSAGAR,0,0,0,0,0,0,0,0,0,0
Uttar Pradesh,SIDHARTHNAGAR,0,3,4,0,0,0,0,22,0,0
Madhya Pradesh,SIDHI,0,4,2,0,0,0,2,0,0,11
Madhya Pradesh,SIHORE,1,15,0,0,0,1,31,0,0,21
Rajasthan,SIKAR,4,11,0,0,0,1,4,3,0,222
West Bengal,SILIGURI G.R.P.,0,0,0,0,0,0,0,0,0,0
West Bengal,SILIGURI_PC,0,0,0,0,0,0,0,5,0,2
Jharkhand,SIMDEGA,0,0,0,0,0,0,0,0,0,0
Maharashtra,SINDHUDURG,0,1,0,0,0,0,1,5,0,1
Madhya Pradesh,SINGRAULI,0,2,1,0,0,0,0,0,0,6
Tripura,SIPAHIJALA,0,0,0,0,0,0,0,0,0,0
Himachal Pradesh,SIRMAUR,0,6,0,0,0,0,0,5,0,5
Rajasthan,SIROHI,3,2,3,0,0,0,21,7,0,57
Haryana,SIRSA,0,12,2,0,0,0,0,2,0,20
Bihar,SITAMARHI,1,3,0,0,0,0,0,130,0,0
Uttar Pradesh,SITAPUR,6,12,8,0,0,1,5,0,0,335
Tamil Nadu,SIVAGANGAI,0,2,0,0,0,0,4,44,0,0
Bihar,SIWAN,1,3,0,0,0,0,0,131,0,0
Himachal Pradesh,SOLAN,0,0,0,0,0,0,0,3,0,0
Maharashtra,SOLAPUR COMMR.,0,3,0,1,1,0,0,3,0,7
Maharashtra,SOLAPUR RURAL,1,11,0,0,0,2,3,9,1,32
Uttar Pradesh,SONBHADRA,1,7,0,0,0,0,2,13,0,0
Odisha,SONEPUR,0,2,0,0,0,0,2,16,0,0
Haryana,SONIPAT,0,3,0,0,0,0,0,0,0,2
Assam,SONITPUR,0,0,0,0,0,0,0,0,0,0
Jammu & Kashmir,SOPORE,0,0,0,0,0,0,0,0,0,0
Sikkim,SOUTH,0,0,2,0,0,0,2,0,0,0
Tripura,SOUTH,1,2,1,0,0,0,10,0,0,14
A&N Islands,SOUTH,0,0,0,0,0,0,0,0,0,0
Delhi UT,SOUTH,0,0,0,0,0,0,0,2,0,0
Goa,SOUTH GOA,0,0,0,0,0,0,0,1,0,0
Delhi UT,SOUTH-EAST,0,0,0,0,0,0,0,3,1,4
Delhi UT,SOUTH-WEST,0,0,0,0,0,0,0,4,0,4
Mizoram,SPL NARCOTIC,0,0,0,0,0,0,0,0,0,0
Andhra Pradesh,SRIKAKULAM,0,2,2,0,0,1,33,38,0,25
Jammu & Kashmir,SRINAGAR,0,0,0,0,0,0,0,0,0,0
Odisha,SRP(CUTTACK),0,0,0,0,0,0,0,2,0,0
Odisha,SRP(ROURKELA),0,0,0,0,0,0,0,3,0,0
Uttar Pradesh,ST.RAVIDASNAGAR,0,3,2,0,0,0,0,12,0,4
Assam,STF,0,0,0,0,0,0,0,0,0,0
Delhi UT,STF,0,0,0,0,0,0,0,0,0,0
Arunachal Pradesh,SUBANSIRI LOWER,0,0,0,0,0,0,0,0,0,0
Arunachal Pradesh,SUBANSIRI UPPER,0,0,0,0,0,0,0,0,0,0
Chhattisgarh,SUKMA,0,0,0,0,0,0,1,0,0,0
Uttar Pradesh,SULTANPUR,1,2,2,0,0,4,8,51,0,47
Odisha,SUNDARGARH,0,0,0,0,0,0,2,5,0,0
Bihar,SUPAUL,2,0,0,0,0,0,3,63,0,0
Chhattisgarh,SURAJPUR,0,3,1,0,0,0,2,0,0,4
Gujarat,SURAT COMMR.,0,1,0,0,0,0,1,12,0,3
Gujarat,SURAT RURAL,1,1,0,0,0,0,2,1,0,0
Gujarat,SURENDRANAGAR,1,4,2,1,2,0,10,5,0,48
Manipur,TAMENGLONG,0,0,0,0,0,0,0,0,0,0
Gujarat,TAPI,0,0,0,0,0,0,0,0,0,0
Punjab,TARN TARAN,0,2,0,0,0,0,5,0,0,1
Arunachal Pradesh,TAWANG,0,0,0,0,0,0,0,0,0,0
Uttarakhand,TEHRI GARHWAL,0,0,0,0,0,0,0,0,0,0
Maharashtra,THANE COMMR.,0,5,0,1,1,0,1,16,0,14
Maharashtra,THANE RURAL,1,1,0,0,0,0,3,0,0,14
Tamil Nadu,THANJAVUR,2,1,0,0,0,1,4,58,0,27
Tamil Nadu,THENI,0,0,0,0,0,0,0,43,0,7
Tamil Nadu,THIRUNELVELI RURAL,8,6,1,0,0,0,38,135,0,5
Tamil Nadu,THIRUNELVELI URBAN,0,0,0,0,0,0,2,29,0,0
Tamil Nadu,THIRUVALLUR,0,0,0,0,0,0,0,18,0,0
Tamil Nadu,THIRUVANNAMALAI,0,0,0,0,0,0,0,52,0,0
Tamil Nadu,THIRUVARUR,0,3,0,0,0,0,0,35,0,0
Tamil Nadu,THOOTHUGUDI,1,2,0,0,0,0,13,55,0,0
Manipur,THOUBAL,0,1,0,0,0,0,0,0,0,0
Kerala,THRISSUR COMMR.,0,4,0,0,0,0,1,3,0,3
Kerala,THRISSUR RURAL,0,4,0,0,0,0,5,2,0,16
Madhya Pradesh,TIKAMGARH,0,5,3,0,0,1,21,0,0,14
Assam,TINSUKIA,0,0,0,0,0,0,0,0,0,0
Arunachal Pradesh,TIRAP,0,0,0,0,0,0,0,0,0,0
Andhra Pradesh,TIRUPATHI URBAN,1,0,1,0,0,0,6,9,1,50
Tamil Nadu,TIRUPPUR,0,1,0,0,0,0,0,44,0,0
Rajasthan,TONK,0,4,1,0,0,1,69,3,0,108
Mizoram,TRAFFIC PS,0,0,0,0,0,0,0,0,0,0
Tamil Nadu,TRICHY RLY.,0,0,0,0,0,0,0,0,0,0
Tamil Nadu,TRICHY RURAL,1,0,0,0,0,0,2,36,0,0
Tamil Nadu,TRICHY URBAN,1,0,0,0,0,0,0,0,0,1
Kerala,TRIVANDRUM COMMR.,0,3,0,0,0,0,10,5,0,8
Kerala,TRIVANDRUM RURAL,1,17,0,0,1,1,35,4,0,14
Nagaland,TUENSANG,0,0,0,0,0,0,0,0,0,0
Karnataka,TUMKUR,1,2,1,0,1,0,70,89,0,12
Rajasthan,UDAIPUR,1,8,2,0,0,0,10,5,0,57
Assam,UDALGURI,0,0,0,0,0,0,0,0,0,0
Jammu & Kashmir,UDHAMPUR,0,0,0,0,0,0,0,0,0,0
Uttarakhand,UDHAMSINGH NAGAR,4,4,3,0,0,0,1,0,0,0
Karnataka,UDUPI,1,3,0,0,0,0,2,35,0,29
Madhya Pradesh,UJJAIN,2,11,4,0,0,1,0,0,0,105
Manipur,UKHRUL,0,0,0,0,0,0,0,0,0,0
Madhya Pradesh,UMARIYA,0,1,0,0,0,2,1,0,0,3
Himachal Pradesh,UNA,0,5,0,0,0,0,0,10,0,10
Tripura,UNAKOTI,0,0,0,0,0,0,0,0,0,0
Uttar Pradesh,UNNAO,6,13,10,0,0,1,1,0,0,191
Arunachal Pradesh,UPPER DIBANG VALLEY,0,0,0,0,0,0,0,0,0,0
West Bengal,UTTAR DINAJPUR,0,0,0,0,0,0,0,0,0,0
Karnataka,UTTAR KANNADA,0,0,0,0,0,0,0,28,0,18
Uttarakhand,UTTARKASHI,0,0,0,0,0,0,1,0,0,0
Gujarat,VADODARA COMMR.,0,1,1,0,0,0,3,3,0,23
Gujarat,VADODARA RURAL,0,0,0,0,0,0,3,6,0,6
Bihar,VAISHALI,1,1,0,0,0,3,11,80,0,60
Gujarat,VALSAD,0,0,0,0,0,0,0,0,0,2
Uttar Pradesh,VARANASI,0,2,0,0,0,1,0,130,0,0
Tamil Nadu,VELLORE,1,1,0,0,0,0,0,70,0,0
Madhya Pradesh,VIDISHA,3,20,2,0,0,0,11,0,0,111
Andhra Pradesh,VIJAYAWADA CITY,2,0,0,0,0,0,5,8,0,39
Andhra Pradesh,VIJAYAWADA RLY.,0,0,0,0,0,0,0,0,0,0
Tamil Nadu,VILLUPURAM,0,0,0,0,0,2,62,0,0,0
Tamil Nadu,VIRUDHUNAGAR,3,1,0,0,3,0,17,58,0,37
Andhra Pradesh,VISAKHA RURAL,0,2,0,0,0,0,20,11,0,26
Andhra Pradesh,VISAKHAPATNAM,0,4,1,0,0,0,16,11,0,27
Andhra Pradesh,VIZIANAGARAM,0,9,0,0,0,0,7,25,0,62
Gujarat,W.RLY AHMEDABAD,0,0,0,0,0,0,0,1,0,0
Gujarat,W.RLY VADODARA,0,0,0,0,0,0,0,0,0,0
Andhra Pradesh,WARANGAL,0,1,0,0,0,0,16,10,0,0
Andhra Pradesh,WARANGAL URBAN,0,2,0,0,0,0,1,14,0,21
Maharashtra,WARDHA,0,4,4,0,0,0,1,4,0,6
Maharashtra,WASHIM,0,1,2,0,0,0,1,0,0,44
Kerala,WAYANADU,0,0,0,0,0,0,5,0,0,4
Sikkim,WEST,0,0,0,0,0,0,0,0,0,0
Tripura,WEST,1,0,0,0,0,0,0,0,0,1
Delhi UT,WEST,0,0,0,0,0,0,0,3,1,0
Andhra Pradesh,WEST GODAVARI,1,11,4,0,0,0,21,18,0,96
Nagaland,WOKHA,0,0,0,0,0,0,0,0,0,0
Karnataka,YADGIRI,0,0,0,0,0,0,0,33,0,0
Haryana,YAMUNANAGAR,0,5,1,0,0,0,0,0,0,7
Maharashtra,YAVATMAL,1,11,2,2,1,0,4,10,0,58
Nagaland,ZUNHEBOTO,0,0,0,0,0,0,0,0,0,0
